timesteps,training_stage_id,training_stage_name,episodes,mean_reward,goal_success_rate,grasp_success_rate,pick_success_rate,mean_collision_count,mean_object_goal_distance_final,mean_gripper_object_distance_min,mean_object_lift_max
100000,0,reach_object,10.0,-11.454878183057879,0.0,0.0,0.0,0.0,0.2180051450075958,0.017340184249183987,0.0048922445797835445
200000,1,lift_object,10.0,84.56180181660079,0.5,0.9,0.5,0.0,0.06707258356903649,0.014606486346490108,0.1605177971417817
300000,2,place_object,10.0,277.0261460920405,1.0,1.0,1.0,0.0,0.038948536910846245,0.009408661615707128,0.16587208605714315
400000,2,place_object,10.0,318.78180705062266,1.0,1.0,1.0,0.0,0.024047315201964237,0.011282689262884189,0.17770009843245232
